<layer-list xmlns:android="http://schemas.android.com/apk/res/android">
    <item android:id="@android:id/background">
        <color android:color="#FFFFFF" />
    </item>
    <item android:id="@android:id/progress">
        <clip
            android:clipOrientation="vertical"
            android:gravity="bottom">
            <shape>
                <gradient
                    android:startColor="#0E72B8"
                    android:centerColor="#0E72B8"
                    android:endColor="#0E72B8"
                    android:angle="0" />
            </shape>
        </clip>
    </item>
</layer-list>