{
  "project_info": {
    "project_number": "1080097855324",
    "project_id": "pinkflix-13ef1",
    "storage_bucket": "pinkflix-13ef1.appspot.com"
  },
  "client": [
    {
      "client_info": {
        "mobilesdk_app_id": "1:1080097855324:android:5d95e5c884da31321c9399",
        "android_client_info": {
          "package_name": "appegic.pinkflix"
        }
      },
      "oauth_client": [
        {
          "client_id": "1080097855324-hkvm2tnk9muage12ajeiukfldma0hu5e.apps.googleusercontent.com",
          "client_type": 1,
          "android_info": {
            "package_name": "appegic.pinkflix",
            "certificate_hash": "93445149400d2edde244f38faaed64d7cee7bca2"
          }
        },
        {
          "client_id": "1080097855324-9l0thm5jspkvlh6pnt04iv0qp07hnmah.apps.googleusercontent.com",
          "client_type": 3
        }
      ],
      "api_key": [
        {
          "current_key": "AIzaSyAF6UWWaFtKGaFiTyFW_gLTCTzxmQ0-FyI"
        }
      ],
      "services": {
        "appinvite_service": {
          "other_platform_oauth_client": [
            {
              "client_id": "1080097855324-9l0thm5jspkvlh6pnt04iv0qp07hnmah.apps.googleusercontent.com",
              "client_type": 3
            }
          ]
        }
      }
    },
    {
      "client_info": {
        "mobilesdk_app_id": "1:1080097855324:android:ed021fc03dedbef71c9399",
        "android_client_info": {
          "package_name": "com.appegic.pinkflix"
        }
      },
      "oauth_client": [
        {
          "client_id": "1080097855324-9l0thm5jspkvlh6pnt04iv0qp07hnmah.apps.googleusercontent.com",
          "client_type": 3
        }
      ],
      "api_key": [
        {
          "current_key": "AIzaSyAF6UWWaFtKGaFiTyFW_gLTCTzxmQ0-FyI"
        }
      ],
      "services": {
        "appinvite_service": {
          "other_platform_oauth_client": [
            {
              "client_id": "1080097855324-9l0thm5jspkvlh6pnt04iv0qp07hnmah.apps.googleusercontent.com",
              "client_type": 3
            }
          ]
        }
      }
    }
  ],
  "configuration_version": "1"
}